angle,radius,action,value
0,0,1,0.000000
0,1,1,0.000000
0,2,1,0.000000
0,3,1,0.000000
0,4,1,0.000000
0,5,1,0.000000
0,6,1,0.000000
0,7,1,0.000000
0,8,1,0.000000
0,9,1,0.000000
0,10,1,0.000000
0,11,1,0.000000
0,12,1,0.000000
0,13,1,0.000000
0,14,1,0.000000
0,15,1,0.000000
0,16,1,0.000000
0,17,1,0.000000
0,18,1,0.000000
0,19,1,0.000000
0,20,1,0.000000
0,21,1,0.000000
0,22,1,0.000000
0,23,1,0.000000
0,24,1,0.000000
0,25,1,0.000000
0,26,1,0.000000
0,27,1,0.000000
0,28,1,0.000000
0,29,1,0.000000
0,30,1,0.000000
0,31,1,0.000000
0,32,1,0.000000
0,33,1,0.000000
0,34,1,0.000000
0,35,1,0.000000
0,36,1,0.000000
0,37,1,0.000000
0,38,1,0.000000
0,39,1,0.000000
0,40,1,0.000000
0,41,1,0.000000
0,42,1,0.000000
0,43,1,0.000000
0,44,1,0.000000
0,45,1,0.000000
0,46,1,0.000000
0,47,1,0.000000
0,48,1,0.000000
0,49,1,0.000000
0,50,1,0.000000
0,51,1,0.000000
0,52,1,0.000000
0,53,1,0.000000
0,54,1,0.000000
0,55,1,0.000000
0,56,1,0.000000
0,57,1,0.000000
0,58,1,0.000000
0,59,1,0.000000
0,60,1,0.000000
0,61,1,0.000000
0,62,1,0.000000
0,63,1,0.000000
0,64,1,0.000000
0,65,1,0.000000
0,66,1,0.000000
0,67,1,0.000000
0,68,1,0.000000
0,69,1,0.000000
0,70,1,0.000000
0,71,1,0.000000
0,72,1,0.000000
0,73,1,0.000000
0,74,1,0.000000
0,75,1,0.000000
0,76,1,0.000000
0,77,1,0.000000
0,78,1,0.000000
0,79,1,0.000000
0,80,1,0.000000
0,81,1,0.000000
0,82,1,0.000000
0,83,1,0.000000
0,84,1,0.000000
0,85,1,0.000000
0,86,1,0.000000
0,87,1,0.000000
0,88,1,0.000000
0,89,1,0.000000
0,90,1,0.000000
0,91,1,0.000000
0,92,1,0.000000
0,93,1,0.000000
0,94,1,0.000000
0,95,1,0.000000
0,96,1,0.000000
0,97,1,0.000000
0,98,1,0.000000
0,99,1,0.000000
1,0,1,0.000000
1,1,2,3.730374
1,2,2,4.336375
1,3,0,2.260109
1,4,0,-1.570371
1,5,0,-1.878361
1,6,0,-2.492591
1,7,0,-3.071014
1,8,0,-4.126255
1,9,0,-4.444125
1,10,2,-4.146363
1,11,1,-4.389262
1,12,1,-4.209312
1,13,3,-4.610204
1,14,0,-4.243926
1,15,1,-3.206785
1,16,1,0.000000
1,17,1,0.000000
1,18,1,0.000000
1,19,1,0.000000
1,20,1,0.000000
1,21,1,0.000000
1,22,1,0.000000
1,23,1,0.000000
1,24,1,0.000000
1,25,1,0.000000
1,26,1,0.000000
1,27,1,0.000000
1,28,1,0.000000
1,29,1,0.000000
1,30,1,0.000000
1,31,1,0.000000
1,32,1,0.000000
1,33,1,0.000000
1,34,1,0.000000
1,35,1,0.000000
1,36,1,0.000000
1,37,1,0.000000
1,38,1,0.000000
1,39,1,0.000000
1,40,1,0.000000
1,41,1,0.000000
1,42,1,0.000000
1,43,1,0.000000
1,44,1,0.000000
1,45,1,0.000000
1,46,1,0.000000
1,47,1,0.000000
1,48,1,0.000000
1,49,1,0.000000
1,50,1,0.000000
1,51,1,0.000000
1,52,1,0.000000
1,53,1,0.000000
1,54,1,0.000000
1,55,1,0.000000
1,56,1,0.000000
1,57,1,0.000000
1,58,1,0.000000
1,59,1,0.000000
1,60,1,0.000000
1,61,1,0.000000
1,62,1,0.000000
1,63,1,0.000000
1,64,1,0.000000
1,65,1,0.000000
1,66,1,0.000000
1,67,1,0.000000
1,68,1,0.000000
1,69,1,0.000000
1,70,1,0.000000
1,71,1,0.000000
1,72,1,0.000000
1,73,1,0.000000
1,74,1,0.000000
1,75,1,0.000000
1,76,1,0.000000
1,77,1,0.000000
1,78,1,0.000000
1,79,1,0.000000
1,80,1,0.000000
1,81,1,0.000000
1,82,1,0.000000
1,83,1,0.000000
1,84,1,0.000000
1,85,1,0.000000
1,86,1,0.000000
1,87,1,0.000000
1,88,1,0.000000
1,89,1,0.000000
1,90,1,0.000000
1,91,1,0.000000
1,92,1,0.000000
1,93,1,0.000000
1,94,1,0.000000
1,95,1,0.000000
1,96,1,0.000000
1,97,1,0.000000
1,98,1,0.000000
1,99,1,0.000000
2,0,0,3.000000
2,1,0,7.605790
2,2,0,4.683627
2,3,2,-0.555823
2,4,0,-1.053440
2,5,2,-2.095556
2,6,2,-3.159617
2,7,0,-3.564546
2,8,1,-3.720068
2,9,2,-4.149224
2,10,1,-4.143127
2,11,3,-4.763087
2,12,2,-4.914134
2,13,0,-4.948995
2,14,1,-5.430910
2,15,1,-5.226973
2,16,1,0.000000
2,17,1,0.000000
2,18,1,0.000000
2,19,1,0.000000
2,20,1,0.000000
2,21,1,0.000000
2,22,1,0.000000
2,23,1,0.000000
2,24,1,0.000000
2,25,1,0.000000
2,26,1,0.000000
2,27,1,0.000000
2,28,1,0.000000
2,29,1,0.000000
2,30,1,0.000000
2,31,1,0.000000
2,32,1,0.000000
2,33,1,0.000000
2,34,1,0.000000
2,35,1,0.000000
2,36,1,0.000000
2,37,1,0.000000
2,38,1,0.000000
2,39,1,0.000000
2,40,1,0.000000
2,41,1,0.000000
2,42,1,0.000000
2,43,1,0.000000
2,44,1,0.000000
2,45,1,0.000000
2,46,1,0.000000
2,47,1,0.000000
2,48,1,0.000000
2,49,1,0.000000
2,50,1,0.000000
2,51,1,0.000000
2,52,1,0.000000
2,53,1,0.000000
2,54,1,0.000000
2,55,1,0.000000
2,56,1,0.000000
2,57,1,0.000000
2,58,1,0.000000
2,59,1,0.000000
2,60,1,0.000000
2,61,1,0.000000
2,62,1,0.000000
2,63,1,0.000000
2,64,1,0.000000
2,65,1,0.000000
2,66,1,0.000000
2,67,1,0.000000
2,68,1,0.000000
2,69,1,0.000000
2,70,1,0.000000
2,71,1,0.000000
2,72,1,0.000000
2,73,1,0.000000
2,74,1,0.000000
2,75,1,0.000000
2,76,1,0.000000
2,77,1,0.000000
2,78,1,0.000000
2,79,1,0.000000
2,80,1,0.000000
2,81,1,0.000000
2,82,1,0.000000
2,83,1,0.000000
2,84,1,0.000000
2,85,1,0.000000
2,86,1,0.000000
2,87,1,0.000000
2,88,1,0.000000
2,89,1,0.000000
2,90,1,0.000000
2,91,1,0.000000
2,92,1,0.000000
2,93,1,0.000000
2,94,1,0.000000
2,95,1,0.000000
2,96,1,0.000000
2,97,1,0.000000
2,98,1,0.000000
2,99,1,0.000000
3,0,1,0.000000
3,1,0,7.116213
3,2,2,1.467456
3,3,0,-0.215524
3,4,0,-1.578526
3,5,3,-2.781378
3,6,2,-3.070298
3,7,2,-3.380950
3,8,0,-3.665935
3,9,2,-4.295199
3,10,3,-4.344569
3,11,2,-4.838986
3,12,3,-4.599413
3,13,0,-4.702503
3,14,0,-4.459077
3,15,0,-4.512984
3,16,0,-5.126280
3,17,3,-0.885227
3,18,1,0.000000
3,19,1,0.000000
3,20,1,0.000000
3,21,1,0.000000
3,22,1,0.000000
3,23,1,0.000000
3,24,1,0.000000
3,25,1,0.000000
3,26,1,0.000000
3,27,1,0.000000
3,28,1,0.000000
3,29,1,0.000000
3,30,1,0.000000
3,31,1,0.000000
3,32,1,0.000000
3,33,1,0.000000
3,34,1,0.000000
3,35,1,0.000000
3,36,1,0.000000
3,37,1,0.000000
3,38,1,0.000000
3,39,1,0.000000
3,40,1,0.000000
3,41,1,0.000000
3,42,1,0.000000
3,43,1,0.000000
3,44,1,0.000000
3,45,1,0.000000
3,46,1,0.000000
3,47,1,0.000000
3,48,1,0.000000
3,49,1,0.000000
3,50,1,0.000000
3,51,1,0.000000
3,52,1,0.000000
3,53,1,0.000000
3,54,1,0.000000
3,55,1,0.000000
3,56,1,0.000000
3,57,1,0.000000
3,58,1,0.000000
3,59,1,0.000000
3,60,1,0.000000
3,61,1,0.000000
3,62,1,0.000000
3,63,1,0.000000
3,64,1,0.000000
3,65,1,0.000000
3,66,1,0.000000
3,67,1,0.000000
3,68,1,0.000000
3,69,1,0.000000
3,70,1,0.000000
3,71,1,0.000000
3,72,1,0.000000
3,73,1,0.000000
3,74,1,0.000000
3,75,1,0.000000
3,76,1,0.000000
3,77,1,0.000000
3,78,1,0.000000
3,79,1,0.000000
3,80,1,0.000000
3,81,1,0.000000
3,82,1,0.000000
3,83,1,0.000000
3,84,1,0.000000
3,85,1,0.000000
3,86,1,0.000000
3,87,1,0.000000
3,88,1,0.000000
3,89,1,0.000000
3,90,1,0.000000
3,91,1,0.000000
3,92,1,0.000000
3,93,1,0.000000
3,94,1,0.000000
3,95,1,0.000000
3,96,1,0.000000
3,97,1,0.000000
3,98,1,0.000000
3,99,1,0.000000
4,0,1,0.000000
4,1,2,5.783222
4,2,2,4.919462
4,3,0,-0.264387
4,4,1,-1.751021
4,5,2,-2.790091
4,6,2,-3.424783
4,7,0,-3.811819
4,8,2,-4.081705
4,9,2,-4.500149
4,10,2,-4.894953
4,11,1,-5.191335
4,12,1,-4.977640
4,13,1,-4.705988
4,14,2,-5.081293
4,15,1,-5.359480
4,16,2,-5.297347
4,17,1,-4.955894
4,18,0,-4.228215
4,19,1,-0.300000
4,20,1,0.000000
4,21,1,0.000000
4,22,1,0.000000
4,23,1,0.000000
4,24,1,0.000000
4,25,1,0.000000
4,26,1,0.000000
4,27,1,0.000000
4,28,1,0.000000
4,29,1,0.000000
4,30,1,0.000000
4,31,1,0.000000
4,32,1,0.000000
4,33,1,0.000000
4,34,1,0.000000
4,35,1,0.000000
4,36,1,0.000000
4,37,1,0.000000
4,38,1,0.000000
4,39,1,0.000000
4,40,1,0.000000
4,41,1,0.000000
4,42,1,0.000000
4,43,1,0.000000
4,44,1,0.000000
4,45,1,0.000000
4,46,1,0.000000
4,47,1,0.000000
4,48,1,0.000000
4,49,1,0.000000
4,50,1,0.000000
4,51,1,0.000000
4,52,1,0.000000
4,53,1,0.000000
4,54,1,0.000000
4,55,1,0.000000
4,56,1,0.000000
4,57,1,0.000000
4,58,1,0.000000
4,59,1,0.000000
4,60,1,0.000000
4,61,1,0.000000
4,62,1,0.000000
4,63,1,0.000000
4,64,1,0.000000
4,65,1,0.000000
4,66,1,0.000000
4,67,1,0.000000
4,68,1,0.000000
4,69,1,0.000000
4,70,1,0.000000
4,71,1,0.000000
4,72,1,0.000000
4,73,1,0.000000
4,74,1,0.000000
4,75,1,0.000000
4,76,1,0.000000
4,77,1,0.000000
4,78,1,0.000000
4,79,1,0.000000
4,80,1,0.000000
4,81,1,0.000000
4,82,1,0.000000
4,83,1,0.000000
4,84,1,0.000000
4,85,1,0.000000
4,86,1,0.000000
4,87,1,0.000000
4,88,1,0.000000
4,89,1,0.000000
4,90,1,0.000000
4,91,1,0.000000
4,92,1,0.000000
4,93,1,0.000000
4,94,1,0.000000
4,95,1,0.000000
4,96,1,0.000000
4,97,1,0.000000
4,98,1,0.000000
4,99,1,0.000000
5,0,1,0.000000
5,1,2,7.076458
5,2,3,0.556911
5,3,2,-1.189443
5,4,0,-0.876976
5,5,1,-2.604519
5,6,2,-3.300529
5,7,2,-3.811275
5,8,0,-3.596570
5,9,2,-4.402311
5,10,1,-4.450136
5,11,0,-4.128994
5,12,0,-4.549227
5,13,0,-4.383914
5,14,1,-4.857000
5,15,3,-5.160291
5,16,2,-5.651470
5,17,0,-5.719223
5,18,1,-6.704573
5,19,0,-6.906473
5,20,1,-7.110000
5,21,1,-0.300000
5,22,1,0.000000
5,23,1,0.000000
5,24,1,0.000000
5,25,1,0.000000
5,26,1,0.000000
5,27,1,0.000000
5,28,1,0.000000
5,29,1,0.000000
5,30,1,0.000000
5,31,1,0.000000
5,32,1,0.000000
5,33,1,0.000000
5,34,1,0.000000
5,35,1,0.000000
5,36,1,0.000000
5,37,1,0.000000
5,38,1,0.000000
5,39,1,0.000000
5,40,1,0.000000
5,41,1,0.000000
5,42,1,0.000000
5,43,1,0.000000
5,44,1,0.000000
5,45,1,0.000000
5,46,1,0.000000
5,47,1,0.000000
5,48,1,0.000000
5,49,1,0.000000
5,50,1,0.000000
5,51,1,0.000000
5,52,1,0.000000
5,53,1,0.000000
5,54,1,0.000000
5,55,1,0.000000
5,56,1,0.000000
5,57,1,0.000000
5,58,1,0.000000
5,59,1,0.000000
5,60,1,0.000000
5,61,1,0.000000
5,62,1,0.000000
5,63,1,0.000000
5,64,1,0.000000
5,65,1,0.000000
5,66,1,0.000000
5,67,1,0.000000
5,68,1,0.000000
5,69,1,0.000000
5,70,1,0.000000
5,71,1,0.000000
5,72,1,0.000000
5,73,1,0.000000
5,74,1,0.000000
5,75,1,0.000000
5,76,1,0.000000
5,77,1,0.000000
5,78,1,0.000000
5,79,1,0.000000
5,80,1,0.000000
5,81,1,0.000000
5,82,1,0.000000
5,83,1,0.000000
5,84,1,0.000000
5,85,1,0.000000
5,86,1,0.000000
5,87,1,0.000000
5,88,1,0.000000
5,89,1,0.000000
5,90,1,0.000000
5,91,1,0.000000
5,92,1,0.000000
5,93,1,0.000000
5,94,1,0.000000
5,95,1,0.000000
5,96,1,0.000000
5,97,1,0.000000
5,98,1,0.000000
5,99,1,0.000000
6,0,1,0.000000
6,1,2,4.563393
6,2,2,0.454819
6,3,0,1.950313
6,4,2,-0.971478
6,5,2,-2.519398
6,6,3,-3.280382
6,7,2,-3.973025
6,8,1,-3.962405
6,9,1,-4.308496
6,10,2,-4.483451
6,11,2,-4.948405
6,12,3,-5.013993
6,13,2,-4.967709
6,14,0,-5.323294
6,15,2,-4.974633
6,16,2,-4.966021
6,17,3,-4.998456
6,18,3,-4.212141
6,19,0,-1.972088
6,20,1,0.000000
6,21,1,0.000000
6,22,1,0.000000
6,23,1,0.000000
6,24,1,0.000000
6,25,1,0.000000
6,26,1,0.000000
6,27,1,0.000000
6,28,1,0.000000
6,29,1,0.000000
6,30,1,0.000000
6,31,1,0.000000
6,32,1,0.000000
6,33,1,0.000000
6,34,1,0.000000
6,35,1,0.000000
6,36,1,0.000000
6,37,1,0.000000
6,38,1,0.000000
6,39,1,0.000000
6,40,1,0.000000
6,41,1,0.000000
6,42,1,0.000000
6,43,1,0.000000
6,44,1,0.000000
6,45,1,0.000000
6,46,1,0.000000
6,47,1,0.000000
6,48,1,0.000000
6,49,1,0.000000
6,50,1,0.000000
6,51,1,0.000000
6,52,1,0.000000
6,53,1,0.000000
6,54,1,0.000000
6,55,1,0.000000
6,56,1,0.000000
6,57,1,0.000000
6,58,1,0.000000
6,59,1,0.000000
6,60,1,0.000000
6,61,1,0.000000
6,62,1,0.000000
6,63,1,0.000000
6,64,1,0.000000
6,65,1,0.000000
6,66,1,0.000000
6,67,1,0.000000
6,68,1,0.000000
6,69,1,0.000000
6,70,1,0.000000
6,71,1,0.000000
6,72,1,0.000000
6,73,1,0.000000
6,74,1,0.000000
6,75,1,0.000000
6,76,1,0.000000
6,77,1,0.000000
6,78,1,0.000000
6,79,1,0.000000
6,80,1,0.000000
6,81,1,0.000000
6,82,1,0.000000
6,83,1,0.000000
6,84,1,0.000000
6,85,1,0.000000
6,86,1,0.000000
6,87,1,0.000000
6,88,1,0.000000
6,89,1,0.000000
6,90,1,0.000000
6,91,1,0.000000
6,92,1,0.000000
6,93,1,0.000000
6,94,1,0.000000
6,95,1,0.000000
6,96,1,0.000000
6,97,1,0.000000
6,98,1,0.000000
6,99,1,0.000000
7,0,1,0.000000
7,1,2,4.502872
7,2,2,2.790234
7,3,2,-0.156673
7,4,2,-0.348161
7,5,2,-2.095082
7,6,2,-3.321650
7,7,0,-3.425890
7,8,2,-4.386082
7,9,3,-4.763557
7,10,2,-4.904770
7,11,3,-4.963330
7,12,3,-5.418034
7,13,1,-5.280827
7,14,0,-5.414996
7,15,0,-5.606525
7,16,1,-5.248493
7,17,3,-1.262659
7,18,1,0.000000
7,19,1,0.000000
7,20,1,0.000000
7,21,1,0.000000
7,22,1,0.000000
7,23,1,0.000000
7,24,1,0.000000
7,25,1,0.000000
7,26,1,0.000000
7,27,1,0.000000
7,28,1,0.000000
7,29,1,0.000000
7,30,1,0.000000
7,31,1,0.000000
7,32,1,0.000000
7,33,1,0.000000
7,34,1,0.000000
7,35,1,0.000000
7,36,1,0.000000
7,37,1,0.000000
7,38,1,0.000000
7,39,1,0.000000
7,40,1,0.000000
7,41,1,0.000000
7,42,1,0.000000
7,43,1,0.000000
7,44,1,0.000000
7,45,1,0.000000
7,46,1,0.000000
7,47,1,0.000000
7,48,1,0.000000
7,49,1,0.000000
7,50,1,0.000000
7,51,1,0.000000
7,52,1,0.000000
7,53,1,0.000000
7,54,1,0.000000
7,55,1,0.000000
7,56,1,0.000000
7,57,1,0.000000
7,58,1,0.000000
7,59,1,0.000000
7,60,1,0.000000
7,61,1,0.000000
7,62,1,0.000000
7,63,1,0.000000
7,64,1,0.000000
7,65,1,0.000000
7,66,1,0.000000
7,67,1,0.000000
7,68,1,0.000000
7,69,1,0.000000
7,70,1,0.000000
7,71,1,0.000000
7,72,1,0.000000
7,73,1,0.000000
7,74,1,0.000000
7,75,1,0.000000
7,76,1,0.000000
7,77,1,0.000000
7,78,1,0.000000
7,79,1,0.000000
7,80,1,0.000000
7,81,1,0.000000
7,82,1,0.000000
7,83,1,0.000000
7,84,1,0.000000
7,85,1,0.000000
7,86,1,0.000000
7,87,1,0.000000
7,88,1,0.000000
7,89,1,0.000000
7,90,1,0.000000
7,91,1,0.000000
7,92,1,0.000000
7,93,1,0.000000
7,94,1,0.000000
7,95,1,0.000000
7,96,1,0.000000
7,97,1,0.000000
7,98,1,0.000000
7,99,1,0.000000
8,0,1,0.000000
8,1,2,8.237327
8,2,2,5.900858
8,3,2,0.646131
8,4,2,-0.456260
8,5,0,-1.905345
8,6,2,-3.011945
8,7,2,-3.738460
8,8,3,-3.580153
8,9,2,-4.373989
8,10,0,-4.667589
8,11,3,-5.118814
8,12,2,-5.103945
8,13,0,-4.904347
8,14,3,-5.573027
8,15,3,-4.756458
8,16,1,0.000000
8,17,1,0.000000
8,18,1,0.000000
8,19,1,0.000000
8,20,1,0.000000
8,21,1,0.000000
8,22,1,0.000000
8,23,1,0.000000
8,24,1,0.000000
8,25,1,0.000000
8,26,1,0.000000
8,27,1,0.000000
8,28,1,0.000000
8,29,1,0.000000
8,30,1,0.000000
8,31,1,0.000000
8,32,1,0.000000
8,33,1,0.000000
8,34,1,0.000000
8,35,1,0.000000
8,36,1,0.000000
8,37,1,0.000000
8,38,1,0.000000
8,39,1,0.000000
8,40,1,0.000000
8,41,1,0.000000
8,42,1,0.000000
8,43,1,0.000000
8,44,1,0.000000
8,45,1,0.000000
8,46,1,0.000000
8,47,1,0.000000
8,48,1,0.000000
8,49,1,0.000000
8,50,1,0.000000
8,51,1,0.000000
8,52,1,0.000000
8,53,1,0.000000
8,54,1,0.000000
8,55,1,0.000000
8,56,1,0.000000
8,57,1,0.000000
8,58,1,0.000000
8,59,1,0.000000
8,60,1,0.000000
8,61,1,0.000000
8,62,1,0.000000
8,63,1,0.000000
8,64,1,0.000000
8,65,1,0.000000
8,66,1,0.000000
8,67,1,0.000000
8,68,1,0.000000
8,69,1,0.000000
8,70,1,0.000000
8,71,1,0.000000
8,72,1,0.000000
8,73,1,0.000000
8,74,1,0.000000
8,75,1,0.000000
8,76,1,0.000000
8,77,1,0.000000
8,78,1,0.000000
8,79,1,0.000000
8,80,1,0.000000
8,81,1,0.000000
8,82,1,0.000000
8,83,1,0.000000
8,84,1,0.000000
8,85,1,0.000000
8,86,1,0.000000
8,87,1,0.000000
8,88,1,0.000000
8,89,1,0.000000
8,90,1,0.000000
8,91,1,0.000000
8,92,1,0.000000
8,93,1,0.000000
8,94,1,0.000000
8,95,1,0.000000
8,96,1,0.000000
8,97,1,0.000000
8,98,1,0.000000
8,99,1,0.000000
9,0,1,0.000000
9,1,3,0.306795
9,2,2,0.546875
9,3,2,0.118901
9,4,2,0.187986
9,5,2,-0.346116
9,6,2,-2.078914
9,7,1,-3.550632
9,8,3,-3.554013
9,9,2,-3.538792
9,10,0,-3.678056
9,11,2,-4.536210
9,12,2,-4.648231
9,13,0,-4.958875
9,14,0,-5.115870
9,15,0,-0.453000
9,16,1,0.000000
9,17,1,0.000000
9,18,1,0.000000
9,19,1,0.000000
9,20,1,0.000000
9,21,1,0.000000
9,22,1,0.000000
9,23,1,0.000000
9,24,1,0.000000
9,25,1,0.000000
9,26,1,0.000000
9,27,1,0.000000
9,28,1,0.000000
9,29,1,0.000000
9,30,1,0.000000
9,31,1,0.000000
9,32,1,0.000000
9,33,1,0.000000
9,34,1,0.000000
9,35,1,0.000000
9,36,1,0.000000
9,37,1,0.000000
9,38,1,0.000000
9,39,1,0.000000
9,40,1,0.000000
9,41,1,0.000000
9,42,1,0.000000
9,43,1,0.000000
9,44,1,0.000000
9,45,1,0.000000
9,46,1,0.000000
9,47,1,0.000000
9,48,1,0.000000
9,49,1,0.000000
9,50,1,0.000000
9,51,1,0.000000
9,52,1,0.000000
9,53,1,0.000000
9,54,1,0.000000
9,55,1,0.000000
9,56,1,0.000000
9,57,1,0.000000
9,58,1,0.000000
9,59,1,0.000000
9,60,1,0.000000
9,61,1,0.000000
9,62,1,0.000000
9,63,1,0.000000
9,64,1,0.000000
9,65,1,0.000000
9,66,1,0.000000
9,67,1,0.000000
9,68,1,0.000000
9,69,1,0.000000
9,70,1,0.000000
9,71,1,0.000000
9,72,1,0.000000
9,73,1,0.000000
9,74,1,0.000000
9,75,1,0.000000
9,76,1,0.000000
9,77,1,0.000000
9,78,1,0.000000
9,79,1,0.000000
9,80,1,0.000000
9,81,1,0.000000
9,82,1,0.000000
9,83,1,0.000000
9,84,1,0.000000
9,85,1,0.000000
9,86,1,0.000000
9,87,1,0.000000
9,88,1,0.000000
9,89,1,0.000000
9,90,1,0.000000
9,91,1,0.000000
9,92,1,0.000000
9,93,1,0.000000
9,94,1,0.000000
9,95,1,0.000000
9,96,1,0.000000
9,97,1,0.000000
9,98,1,0.000000
9,99,1,0.000000
10,0,1,0.000000
10,1,2,9.793793
10,2,2,6.770624
10,3,2,2.368124
10,4,2,-1.014846
10,5,3,-2.379481
10,6,0,-2.883622
10,7,2,-3.606373
10,8,2,-3.957122
10,9,0,-3.585848
10,10,3,-4.029731
10,11,2,-4.092785
10,12,1,-4.568881
10,13,3,-4.451070
10,14,2,-4.742344
10,15,3,-0.600000
10,16,1,0.000000
10,17,1,0.000000
10,18,1,0.000000
10,19,1,0.000000
10,20,1,0.000000
10,21,1,0.000000
10,22,1,0.000000
10,23,1,0.000000
10,24,1,0.000000
10,25,1,0.000000
10,26,1,0.000000
10,27,1,0.000000
10,28,1,0.000000
10,29,1,0.000000
10,30,1,0.000000
10,31,1,0.000000
10,32,1,0.000000
10,33,1,0.000000
10,34,1,0.000000
10,35,1,0.000000
10,36,1,0.000000
10,37,1,0.000000
10,38,1,0.000000
10,39,1,0.000000
10,40,1,0.000000
10,41,1,0.000000
10,42,1,0.000000
10,43,1,0.000000
10,44,1,0.000000
10,45,1,0.000000
10,46,1,0.000000
10,47,1,0.000000
10,48,1,0.000000
10,49,1,0.000000
10,50,1,0.000000
10,51,1,0.000000
10,52,1,0.000000
10,53,1,0.000000
10,54,1,0.000000
10,55,1,0.000000
10,56,1,0.000000
10,57,1,0.000000
10,58,1,0.000000
10,59,1,0.000000
10,60,1,0.000000
10,61,1,0.000000
10,62,1,0.000000
10,63,1,0.000000
10,64,1,0.000000
10,65,1,0.000000
10,66,1,0.000000
10,67,1,0.000000
10,68,1,0.000000
10,69,1,0.000000
10,70,1,0.000000
10,71,1,0.000000
10,72,1,0.000000
10,73,1,0.000000
10,74,1,0.000000
10,75,1,0.000000
10,76,1,0.000000
10,77,1,0.000000
10,78,1,0.000000
10,79,1,0.000000
10,80,1,0.000000
10,81,1,0.000000
10,82,1,0.000000
10,83,1,0.000000
10,84,1,0.000000
10,85,1,0.000000
10,86,1,0.000000
10,87,1,0.000000
10,88,1,0.000000
10,89,1,0.000000
10,90,1,0.000000
10,91,1,0.000000
10,92,1,0.000000
10,93,1,0.000000
10,94,1,0.000000
10,95,1,0.000000
10,96,1,0.000000
10,97,1,0.000000
10,98,1,0.000000
10,99,1,0.000000
11,0,1,0.000000
11,1,2,9.826497
11,2,2,7.172071
11,3,2,1.631600
11,4,3,-1.683950
11,5,2,-2.390235
11,6,2,-2.880312
11,7,3,-3.594168
11,8,0,-3.158522
11,9,2,-3.752490
11,10,3,-4.125573
11,11,2,-4.334660
11,12,2,-4.330874
11,13,3,-5.128864
11,14,0,-4.554855
11,15,3,-4.331679
11,16,1,0.000000
11,17,1,0.000000
11,18,1,0.000000
11,19,1,0.000000
11,20,1,0.000000
11,21,1,0.000000
11,22,1,0.000000
11,23,1,0.000000
11,24,1,0.000000
11,25,1,0.000000
11,26,1,0.000000
11,27,1,0.000000
11,28,1,0.000000
11,29,1,0.000000
11,30,1,0.000000
11,31,1,0.000000
11,32,1,0.000000
11,33,1,0.000000
11,34,1,0.000000
11,35,1,0.000000
11,36,1,0.000000
11,37,1,0.000000
11,38,1,0.000000
11,39,1,0.000000
11,40,1,0.000000
11,41,1,0.000000
11,42,1,0.000000
11,43,1,0.000000
11,44,1,0.000000
11,45,1,0.000000
11,46,1,0.000000
11,47,1,0.000000
11,48,1,0.000000
11,49,1,0.000000
11,50,1,0.000000
11,51,1,0.000000
11,52,1,0.000000
11,53,1,0.000000
11,54,1,0.000000
11,55,1,0.000000
11,56,1,0.000000
11,57,1,0.000000
11,58,1,0.000000
11,59,1,0.000000
11,60,1,0.000000
11,61,1,0.000000
11,62,1,0.000000
11,63,1,0.000000
11,64,1,0.000000
11,65,1,0.000000
11,66,1,0.000000
11,67,1,0.000000
11,68,1,0.000000
11,69,1,0.000000
11,70,1,0.000000
11,71,1,0.000000
11,72,1,0.000000
11,73,1,0.000000
11,74,1,0.000000
11,75,1,0.000000
11,76,1,0.000000
11,77,1,0.000000
11,78,1,0.000000
11,79,1,0.000000
11,80,1,0.000000
11,81,1,0.000000
11,82,1,0.000000
11,83,1,0.000000
11,84,1,0.000000
11,85,1,0.000000
11,86,1,0.000000
11,87,1,0.000000
11,88,1,0.000000
11,89,1,0.000000
11,90,1,0.000000
11,91,1,0.000000
11,92,1,0.000000
11,93,1,0.000000
11,94,1,0.000000
11,95,1,0.000000
11,96,1,0.000000
11,97,1,0.000000
11,98,1,0.000000
11,99,1,0.000000
12,0,1,2.108316
12,1,2,9.657427
12,2,0,4.077868
12,3,2,1.529215
12,4,2,1.144017
12,5,2,-1.584650
12,6,3,-2.983722
12,7,2,-3.503920
12,8,2,-3.484484
12,9,1,-3.624594
12,10,0,-3.816578
12,11,2,-3.645010
12,12,2,-3.692299
12,13,3,-3.946146
12,14,2,-4.000509
12,15,3,-4.317172
12,16,0,-3.652526
12,17,1,0.000000
12,18,1,0.000000
12,19,1,0.000000
12,20,1,0.000000
12,21,1,0.000000
12,22,1,0.000000
12,23,1,0.000000
12,24,1,0.000000
12,25,1,0.000000
12,26,1,0.000000
12,27,1,0.000000
12,28,1,0.000000
12,29,1,0.000000
12,30,1,0.000000
12,31,1,0.000000
12,32,1,0.000000
12,33,1,0.000000
12,34,1,0.000000
12,35,1,0.000000
12,36,1,0.000000
12,37,1,0.000000
12,38,1,0.000000
12,39,1,0.000000
12,40,1,0.000000
12,41,1,0.000000
12,42,1,0.000000
12,43,1,0.000000
12,44,1,0.000000
12,45,1,0.000000
12,46,1,0.000000
12,47,1,0.000000
12,48,1,0.000000
12,49,1,0.000000
12,50,1,0.000000
12,51,1,0.000000
12,52,1,0.000000
12,53,1,0.000000
12,54,1,0.000000
12,55,1,0.000000
12,56,1,0.000000
12,57,1,0.000000
12,58,1,0.000000
12,59,1,0.000000
12,60,1,0.000000
12,61,1,0.000000
12,62,1,0.000000
12,63,1,0.000000
12,64,1,0.000000
12,65,1,0.000000
12,66,1,0.000000
12,67,1,0.000000
12,68,1,0.000000
12,69,1,0.000000
12,70,1,0.000000
12,71,1,0.000000
12,72,1,0.000000
12,73,1,0.000000
12,74,1,0.000000
12,75,1,0.000000
12,76,1,0.000000
12,77,1,0.000000
12,78,1,0.000000
12,79,1,0.000000
12,80,1,0.000000
12,81,1,0.000000
12,82,1,0.000000
12,83,1,0.000000
12,84,1,0.000000
12,85,1,0.000000
12,86,1,0.000000
12,87,1,0.000000
12,88,1,0.000000
12,89,1,0.000000
12,90,1,0.000000
12,91,1,0.000000
12,92,1,0.000000
12,93,1,0.000000
12,94,1,0.000000
12,95,1,0.000000
12,96,1,0.000000
12,97,1,0.000000
12,98,1,0.000000
12,99,1,0.000000
13,0,1,0.000000
13,1,2,9.796008
13,2,2,6.787694
13,3,2,4.408970
13,4,2,0.100704
13,5,2,-1.090418
13,6,1,-2.662155
13,7,0,-3.253653
13,8,2,-3.611878
13,9,2,-3.783340
13,10,2,-4.023559
13,11,0,-4.108857
13,12,1,-3.824001
13,13,3,-4.295032
13,14,3,-3.874372
13,15,1,-3.805963
13,16,2,-4.444300
13,17,0,-3.661445
13,18,0,-4.316593
13,19,0,-1.257221
13,20,1,0.000000
13,21,1,0.000000
13,22,1,0.000000
13,23,1,0.000000
13,24,1,0.000000
13,25,1,0.000000
13,26,1,0.000000
13,27,1,0.000000
13,28,1,0.000000
13,29,1,0.000000
13,30,1,0.000000
13,31,1,0.000000
13,32,1,0.000000
13,33,1,0.000000
13,34,1,0.000000
13,35,1,0.000000
13,36,1,0.000000
13,37,1,0.000000
13,38,1,0.000000
13,39,1,0.000000
13,40,1,0.000000
13,41,1,0.000000
13,42,1,0.000000
13,43,1,0.000000
13,44,1,0.000000
13,45,1,0.000000
13,46,1,0.000000
13,47,1,0.000000
13,48,1,0.000000
13,49,1,0.000000
13,50,1,0.000000
13,51,1,0.000000
13,52,1,0.000000
13,53,1,0.000000
13,54,1,0.000000
13,55,1,0.000000
13,56,1,0.000000
13,57,1,0.000000
13,58,1,0.000000
13,59,1,0.000000
13,60,1,0.000000
13,61,1,0.000000
13,62,1,0.000000
13,63,1,0.000000
13,64,1,0.000000
13,65,1,0.000000
13,66,1,0.000000
13,67,1,0.000000
13,68,1,0.000000
13,69,1,0.000000
13,70,1,0.000000
13,71,1,0.000000
13,72,1,0.000000
13,73,1,0.000000
13,74,1,0.000000
13,75,1,0.000000
13,76,1,0.000000
13,77,1,0.000000
13,78,1,0.000000
13,79,1,0.000000
13,80,1,0.000000
13,81,1,0.000000
13,82,1,0.000000
13,83,1,0.000000
13,84,1,0.000000
13,85,1,0.000000
13,86,1,0.000000
13,87,1,0.000000
13,88,1,0.000000
13,89,1,0.000000
13,90,1,0.000000
13,91,1,0.000000
13,92,1,0.000000
13,93,1,0.000000
13,94,1,0.000000
13,95,1,0.000000
13,96,1,0.000000
13,97,1,0.000000
13,98,1,0.000000
13,99,1,0.000000
14,0,1,0.000000
14,1,1,7.000486
14,2,2,7.605810
14,3,2,4.728969
14,4,2,1.107045
14,5,2,-1.251921
14,6,0,-2.801125
14,7,1,-3.198042
14,8,1,-3.464345
14,9,2,-3.909776
14,10,2,-3.364268
14,11,3,-3.075320
14,12,0,-3.514037
14,13,1,-3.835068
14,14,0,-3.912539
14,15,3,-4.294883
14,16,0,-4.034175
14,17,1,-4.429504
14,18,2,-4.619601
14,19,0,-4.856211
14,20,0,-4.500000
14,21,3,0.000000
14,22,1,0.000000
14,23,1,0.000000
14,24,1,0.000000
14,25,1,0.000000
14,26,1,0.000000
14,27,1,0.000000
14,28,1,0.000000
14,29,1,0.000000
14,30,1,0.000000
14,31,1,0.000000
14,32,1,0.000000
14,33,1,0.000000
14,34,1,0.000000
14,35,1,0.000000
14,36,1,0.000000
14,37,1,0.000000
14,38,1,0.000000
14,39,1,0.000000
14,40,1,0.000000
14,41,1,0.000000
14,42,1,0.000000
14,43,1,0.000000
14,44,1,0.000000
14,45,1,0.000000
14,46,1,0.000000
14,47,1,0.000000
14,48,1,0.000000
14,49,1,0.000000
14,50,1,0.000000
14,51,1,0.000000
14,52,1,0.000000
14,53,1,0.000000
14,54,1,0.000000
14,55,1,0.000000
14,56,1,0.000000
14,57,1,0.000000
14,58,1,0.000000
14,59,1,0.000000
14,60,1,0.000000
14,61,1,0.000000
14,62,1,0.000000
14,63,1,0.000000
14,64,1,0.000000
14,65,1,0.000000
14,66,1,0.000000
14,67,1,0.000000
14,68,1,0.000000
14,69,1,0.000000
14,70,1,0.000000
14,71,1,0.000000
14,72,1,0.000000
14,73,1,0.000000
14,74,1,0.000000
14,75,1,0.000000
14,76,1,0.000000
14,77,1,0.000000
14,78,1,0.000000
14,79,1,0.000000
14,80,1,0.000000
14,81,1,0.000000
14,82,1,0.000000
14,83,1,0.000000
14,84,1,0.000000
14,85,1,0.000000
14,86,1,0.000000
14,87,1,0.000000
14,88,1,0.000000
14,89,1,0.000000
14,90,1,0.000000
14,91,1,0.000000
14,92,1,0.000000
14,93,1,0.000000
14,94,1,0.000000
14,95,1,0.000000
14,96,1,0.000000
14,97,1,0.000000
14,98,1,0.000000
14,99,1,0.000000
15,0,1,0.000000
15,1,1,9.470718
15,2,1,7.979968
15,3,1,5.374684
15,4,1,2.533766
15,5,2,-0.968610
15,6,1,-2.549791
15,7,1,-3.071378
15,8,3,-3.457589
15,9,1,-3.484771
15,10,0,-3.243694
15,11,2,-3.443120
15,12,1,-3.028353
15,13,3,-3.093922
15,14,1,-2.962607
15,15,2,-3.177084
15,16,0,-2.974653
15,17,2,-3.498899
15,18,0,-2.809144
15,19,3,0.000000
15,20,1,0.000000
15,21,1,0.000000
15,22,1,0.000000
15,23,1,0.000000
15,24,1,0.000000
15,25,1,0.000000
15,26,1,0.000000
15,27,1,0.000000
15,28,1,0.000000
15,29,1,0.000000
15,30,1,0.000000
15,31,1,0.000000
15,32,1,0.000000
15,33,1,0.000000
15,34,1,0.000000
15,35,1,0.000000
15,36,1,0.000000
15,37,1,0.000000
15,38,1,0.000000
15,39,1,0.000000
15,40,1,0.000000
15,41,1,0.000000
15,42,1,0.000000
15,43,1,0.000000
15,44,1,0.000000
15,45,1,0.000000
15,46,1,0.000000
15,47,1,0.000000
15,48,1,0.000000
15,49,1,0.000000
15,50,1,0.000000
15,51,1,0.000000
15,52,1,0.000000
15,53,1,0.000000
15,54,1,0.000000
15,55,1,0.000000
15,56,1,0.000000
15,57,1,0.000000
15,58,1,0.000000
15,59,1,0.000000
15,60,1,0.000000
15,61,1,0.000000
15,62,1,0.000000
15,63,1,0.000000
15,64,1,0.000000
15,65,1,0.000000
15,66,1,0.000000
15,67,1,0.000000
15,68,1,0.000000
15,69,1,0.000000
15,70,1,0.000000
15,71,1,0.000000
15,72,1,0.000000
15,73,1,0.000000
15,74,1,0.000000
15,75,1,0.000000
15,76,1,0.000000
15,77,1,0.000000
15,78,1,0.000000
15,79,1,0.000000
15,80,1,0.000000
15,81,1,0.000000
15,82,1,0.000000
15,83,1,0.000000
15,84,1,0.000000
15,85,1,0.000000
15,86,1,0.000000
15,87,1,0.000000
15,88,1,0.000000
15,89,1,0.000000
15,90,1,0.000000
15,91,1,0.000000
15,92,1,0.000000
15,93,1,0.000000
15,94,1,0.000000
15,95,1,0.000000
15,96,1,0.000000
15,97,1,0.000000
15,98,1,0.000000
15,99,1,0.000000
16,0,1,0.000000
16,1,1,9.821792
16,2,1,6.958491
16,3,1,5.667152
16,4,2,2.585487
16,5,1,0.216588
16,6,1,-2.081429
16,7,3,-2.976346
16,8,3,-3.563068
16,9,2,-2.314848
16,10,3,-3.268132
16,11,0,-3.194156
16,12,1,-3.252563
16,13,1,-3.272333
16,14,1,-3.420182
16,15,1,-3.254690
16,16,3,-2.965364
16,17,1,0.000000
16,18,1,0.000000
16,19,1,0.000000
16,20,1,0.000000
16,21,1,0.000000
16,22,1,0.000000
16,23,1,0.000000
16,24,1,0.000000
16,25,1,0.000000
16,26,1,0.000000
16,27,1,0.000000
16,28,1,0.000000
16,29,1,0.000000
16,30,1,0.000000
16,31,1,0.000000
16,32,1,0.000000
16,33,1,0.000000
16,34,1,0.000000
16,35,1,0.000000
16,36,1,0.000000
16,37,1,0.000000
16,38,1,0.000000
16,39,1,0.000000
16,40,1,0.000000
16,41,1,0.000000
16,42,1,0.000000
16,43,1,0.000000
16,44,1,0.000000
16,45,1,0.000000
16,46,1,0.000000
16,47,1,0.000000
16,48,1,0.000000
16,49,1,0.000000
16,50,1,0.000000
16,51,1,0.000000
16,52,1,0.000000
16,53,1,0.000000
16,54,1,0.000000
16,55,1,0.000000
16,56,1,0.000000
16,57,1,0.000000
16,58,1,0.000000
16,59,1,0.000000
16,60,1,0.000000
16,61,1,0.000000
16,62,1,0.000000
16,63,1,0.000000
16,64,1,0.000000
16,65,1,0.000000
16,66,1,0.000000
16,67,1,0.000000
16,68,1,0.000000
16,69,1,0.000000
16,70,1,0.000000
16,71,1,0.000000
16,72,1,0.000000
16,73,1,0.000000
16,74,1,0.000000
16,75,1,0.000000
16,76,1,0.000000
16,77,1,0.000000
16,78,1,0.000000
16,79,1,0.000000
16,80,1,0.000000
16,81,1,0.000000
16,82,1,0.000000
16,83,1,0.000000
16,84,1,0.000000
16,85,1,0.000000
16,86,1,0.000000
16,87,1,0.000000
16,88,1,0.000000
16,89,1,0.000000
16,90,1,0.000000
16,91,1,0.000000
16,92,1,0.000000
16,93,1,0.000000
16,94,1,0.000000
16,95,1,0.000000
16,96,1,0.000000
16,97,1,0.000000
16,98,1,0.000000
16,99,1,0.000000
17,0,1,0.000000
17,1,1,10.084973
17,2,1,7.235035
17,3,1,6.280382
17,4,1,3.942397
17,5,1,1.494181
17,6,1,-1.190741
17,7,1,-2.567839
17,8,2,-2.182462
17,9,3,-2.777251
17,10,0,-3.094389
17,11,0,-2.933816
17,12,1,-3.367294
17,13,0,-3.026265
17,14,3,-3.429033
17,15,0,-2.700000
17,16,1,0.000000
17,17,1,0.000000
17,18,1,0.000000
17,19,1,0.000000
17,20,1,0.000000
17,21,1,0.000000
17,22,1,0.000000
17,23,1,0.000000
17,24,1,0.000000
17,25,1,0.000000
17,26,1,0.000000
17,27,1,0.000000
17,28,1,0.000000
17,29,1,0.000000
17,30,1,0.000000
17,31,1,0.000000
17,32,1,0.000000
17,33,1,0.000000
17,34,1,0.000000
17,35,1,0.000000
17,36,1,0.000000
17,37,1,0.000000
17,38,1,0.000000
17,39,1,0.000000
17,40,1,0.000000
17,41,1,0.000000
17,42,1,0.000000
17,43,1,0.000000
17,44,1,0.000000
17,45,1,0.000000
17,46,1,0.000000
17,47,1,0.000000
17,48,1,0.000000
17,49,1,0.000000
17,50,1,0.000000
17,51,1,0.000000
17,52,1,0.000000
17,53,1,0.000000
17,54,1,0.000000
17,55,1,0.000000
17,56,1,0.000000
17,57,1,0.000000
17,58,1,0.000000
17,59,1,0.000000
17,60,1,0.000000
17,61,1,0.000000
17,62,1,0.000000
17,63,1,0.000000
17,64,1,0.000000
17,65,1,0.000000
17,66,1,0.000000
17,67,1,0.000000
17,68,1,0.000000
17,69,1,0.000000
17,70,1,0.000000
17,71,1,0.000000
17,72,1,0.000000
17,73,1,0.000000
17,74,1,0.000000
17,75,1,0.000000
17,76,1,0.000000
17,77,1,0.000000
17,78,1,0.000000
17,79,1,0.000000
17,80,1,0.000000
17,81,1,0.000000
17,82,1,0.000000
17,83,1,0.000000
17,84,1,0.000000
17,85,1,0.000000
17,86,1,0.000000
17,87,1,0.000000
17,88,1,0.000000
17,89,1,0.000000
17,90,1,0.000000
17,91,1,0.000000
17,92,1,0.000000
17,93,1,0.000000
17,94,1,0.000000
17,95,1,0.000000
17,96,1,0.000000
17,97,1,0.000000
17,98,1,0.000000
17,99,1,0.000000
18,0,1,3.000000
18,1,1,10.481471
18,2,1,9.494611
18,3,1,7.675363
18,4,1,5.643656
18,5,1,2.465891
18,6,1,-1.192295
18,7,1,-2.955818
18,8,3,-3.555960
18,9,1,-3.189347
18,10,1,-3.792345
18,11,3,-4.143878
18,12,2,-4.236742
18,13,2,-4.356235
18,14,2,-2.984240
18,15,3,-1.373647
18,16,1,0.000000
18,17,1,0.000000
18,18,1,0.000000
18,19,1,0.000000
18,20,1,0.000000
18,21,1,0.000000
18,22,1,0.000000
18,23,1,0.000000
18,24,1,0.000000
18,25,1,0.000000
18,26,1,0.000000
18,27,1,0.000000
18,28,1,0.000000
18,29,1,0.000000
18,30,1,0.000000
18,31,1,0.000000
18,32,1,0.000000
18,33,1,0.000000
18,34,1,0.000000
18,35,1,0.000000
18,36,1,0.000000
18,37,1,0.000000
18,38,1,0.000000
18,39,1,0.000000
18,40,1,0.000000
18,41,1,0.000000
18,42,1,0.000000
18,43,1,0.000000
18,44,1,0.000000
18,45,1,0.000000
18,46,1,0.000000
18,47,1,0.000000
18,48,1,0.000000
18,49,1,0.000000
18,50,1,0.000000
18,51,1,0.000000
18,52,1,0.000000
18,53,1,0.000000
18,54,1,0.000000
18,55,1,0.000000
18,56,1,0.000000
18,57,1,0.000000
18,58,1,0.000000
18,59,1,0.000000
18,60,1,0.000000
18,61,1,0.000000
18,62,1,0.000000
18,63,1,0.000000
18,64,1,0.000000
18,65,1,0.000000
18,66,1,0.000000
18,67,1,0.000000
18,68,1,0.000000
18,69,1,0.000000
18,70,1,0.000000
18,71,1,0.000000
18,72,1,0.000000
18,73,1,0.000000
18,74,1,0.000000
18,75,1,0.000000
18,76,1,0.000000
18,77,1,0.000000
18,78,1,0.000000
18,79,1,0.000000
18,80,1,0.000000
18,81,1,0.000000
18,82,1,0.000000
18,83,1,0.000000
18,84,1,0.000000
18,85,1,0.000000
18,86,1,0.000000
18,87,1,0.000000
18,88,1,0.000000
18,89,1,0.000000
18,90,1,0.000000
18,91,1,0.000000
18,92,1,0.000000
18,93,1,0.000000
18,94,1,0.000000
18,95,1,0.000000
18,96,1,0.000000
18,97,1,0.000000
18,98,1,0.000000
18,99,1,0.000000
19,0,1,3.000000
19,1,1,9.919357
19,2,1,7.145324
19,3,1,5.382572
19,4,1,3.075335
19,5,3,-0.457451
19,6,1,-2.113734
19,7,2,-2.858164
19,8,2,-2.753744
19,9,3,-3.018038
19,10,2,-3.413631
19,11,3,-2.971534
19,12,2,-2.452157
19,13,2,-2.038335
19,14,3,-2.815901
19,15,3,-2.622575
19,16,1,0.000000
19,17,1,0.000000
19,18,1,0.000000
19,19,1,0.000000
19,20,1,0.000000
19,21,1,0.000000
19,22,1,0.000000
19,23,1,0.000000
19,24,1,0.000000
19,25,1,0.000000
19,26,1,0.000000
19,27,1,0.000000
19,28,1,0.000000
19,29,1,0.000000
19,30,1,0.000000
19,31,1,0.000000
19,32,1,0.000000
19,33,1,0.000000
19,34,1,0.000000
19,35,1,0.000000
19,36,1,0.000000
19,37,1,0.000000
19,38,1,0.000000
19,39,1,0.000000
19,40,1,0.000000
19,41,1,0.000000
19,42,1,0.000000
19,43,1,0.000000
19,44,1,0.000000
19,45,1,0.000000
19,46,1,0.000000
19,47,1,0.000000
19,48,1,0.000000
19,49,1,0.000000
19,50,1,0.000000
19,51,1,0.000000
19,52,1,0.000000
19,53,1,0.000000
19,54,1,0.000000
19,55,1,0.000000
19,56,1,0.000000
19,57,1,0.000000
19,58,1,0.000000
19,59,1,0.000000
19,60,1,0.000000
19,61,1,0.000000
19,62,1,0.000000
19,63,1,0.000000
19,64,1,0.000000
19,65,1,0.000000
19,66,1,0.000000
19,67,1,0.000000
19,68,1,0.000000
19,69,1,0.000000
19,70,1,0.000000
19,71,1,0.000000
19,72,1,0.000000
19,73,1,0.000000
19,74,1,0.000000
19,75,1,0.000000
19,76,1,0.000000
19,77,1,0.000000
19,78,1,0.000000
19,79,1,0.000000
19,80,1,0.000000
19,81,1,0.000000
19,82,1,0.000000
19,83,1,0.000000
19,84,1,0.000000
19,85,1,0.000000
19,86,1,0.000000
19,87,1,0.000000
19,88,1,0.000000
19,89,1,0.000000
19,90,1,0.000000
19,91,1,0.000000
19,92,1,0.000000
19,93,1,0.000000
19,94,1,0.000000
19,95,1,0.000000
19,96,1,0.000000
19,97,1,0.000000
19,98,1,0.000000
19,99,1,0.000000
20,0,1,0.000000
20,1,1,8.482250
20,2,1,7.692297
20,3,1,5.648310
20,4,1,1.595833
20,5,1,-1.295879
20,6,1,-2.409100
20,7,3,-2.875476
20,8,2,-3.189435
20,9,3,-3.035227
20,10,2,-2.948255
20,11,1,-2.685023
20,12,1,-2.700609
20,13,1,-3.036122
20,14,0,-2.691728
20,15,2,-2.455149
20,16,0,-1.644900
20,17,1,0.000000
20,18,1,0.000000
20,19,1,0.000000
20,20,1,0.000000
20,21,1,0.000000
20,22,1,0.000000
20,23,1,0.000000
20,24,1,0.000000
20,25,1,0.000000
20,26,1,0.000000
20,27,1,0.000000
20,28,1,0.000000
20,29,1,0.000000
20,30,1,0.000000
20,31,1,0.000000
20,32,1,0.000000
20,33,1,0.000000
20,34,1,0.000000
20,35,1,0.000000
20,36,1,0.000000
20,37,1,0.000000
20,38,1,0.000000
20,39,1,0.000000
20,40,1,0.000000
20,41,1,0.000000
20,42,1,0.000000
20,43,1,0.000000
20,44,1,0.000000
20,45,1,0.000000
20,46,1,0.000000
20,47,1,0.000000
20,48,1,0.000000
20,49,1,0.000000
20,50,1,0.000000
20,51,1,0.000000
20,52,1,0.000000
20,53,1,0.000000
20,54,1,0.000000
20,55,1,0.000000
20,56,1,0.000000
20,57,1,0.000000
20,58,1,0.000000
20,59,1,0.000000
20,60,1,0.000000
20,61,1,0.000000
20,62,1,0.000000
20,63,1,0.000000
20,64,1,0.000000
20,65,1,0.000000
20,66,1,0.000000
20,67,1,0.000000
20,68,1,0.000000
20,69,1,0.000000
20,70,1,0.000000
20,71,1,0.000000
20,72,1,0.000000
20,73,1,0.000000
20,74,1,0.000000
20,75,1,0.000000
20,76,1,0.000000
20,77,1,0.000000
20,78,1,0.000000
20,79,1,0.000000
20,80,1,0.000000
20,81,1,0.000000
20,82,1,0.000000
20,83,1,0.000000
20,84,1,0.000000
20,85,1,0.000000
20,86,1,0.000000
20,87,1,0.000000
20,88,1,0.000000
20,89,1,0.000000
20,90,1,0.000000
20,91,1,0.000000
20,92,1,0.000000
20,93,1,0.000000
20,94,1,0.000000
20,95,1,0.000000
20,96,1,0.000000
20,97,1,0.000000
20,98,1,0.000000
20,99,1,0.000000
21,0,1,0.000000
21,1,1,9.546438
21,2,1,6.960607
21,3,3,3.962141
21,4,1,1.133184
21,5,1,-0.331209
21,6,3,-2.600483
21,7,3,-3.292372
21,8,0,-2.764126
21,9,3,-3.261404
21,10,2,-2.364654
21,11,1,-2.646190
21,12,2,-2.788136
21,13,3,-2.042989
21,14,0,-1.975771
21,15,0,-2.589626
21,16,0,-2.415377
21,17,2,-2.279897
21,18,2,-1.934209
21,19,0,-0.300000
21,20,1,0.000000
21,21,1,0.000000
21,22,1,0.000000
21,23,1,0.000000
21,24,1,0.000000
21,25,1,0.000000
21,26,1,0.000000
21,27,1,0.000000
21,28,1,0.000000
21,29,1,0.000000
21,30,1,0.000000
21,31,1,0.000000
21,32,1,0.000000
21,33,1,0.000000
21,34,1,0.000000
21,35,1,0.000000
21,36,1,0.000000
21,37,1,0.000000
21,38,1,0.000000
21,39,1,0.000000
21,40,1,0.000000
21,41,1,0.000000
21,42,1,0.000000
21,43,1,0.000000
21,44,1,0.000000
21,45,1,0.000000
21,46,1,0.000000
21,47,1,0.000000
21,48,1,0.000000
21,49,1,0.000000
21,50,1,0.000000
21,51,1,0.000000
21,52,1,0.000000
21,53,1,0.000000
21,54,1,0.000000
21,55,1,0.000000
21,56,1,0.000000
21,57,1,0.000000
21,58,1,0.000000
21,59,1,0.000000
21,60,1,0.000000
21,61,1,0.000000
21,62,1,0.000000
21,63,1,0.000000
21,64,1,0.000000
21,65,1,0.000000
21,66,1,0.000000
21,67,1,0.000000
21,68,1,0.000000
21,69,1,0.000000
21,70,1,0.000000
21,71,1,0.000000
21,72,1,0.000000
21,73,1,0.000000
21,74,1,0.000000
21,75,1,0.000000
21,76,1,0.000000
21,77,1,0.000000
21,78,1,0.000000
21,79,1,0.000000
21,80,1,0.000000
21,81,1,0.000000
21,82,1,0.000000
21,83,1,0.000000
21,84,1,0.000000
21,85,1,0.000000
21,86,1,0.000000
21,87,1,0.000000
21,88,1,0.000000
21,89,1,0.000000
21,90,1,0.000000
21,91,1,0.000000
21,92,1,0.000000
21,93,1,0.000000
21,94,1,0.000000
21,95,1,0.000000
21,96,1,0.000000
21,97,1,0.000000
21,98,1,0.000000
21,99,1,0.000000
22,0,1,0.000000
22,1,3,11.190983
22,2,1,6.610138
22,3,3,4.180806
22,4,3,1.527479
22,5,1,-1.314053
22,6,1,-2.792886
22,7,3,-2.988130
22,8,2,-2.804741
22,9,2,-2.861455
22,10,0,-3.033083
22,11,3,-2.723870
22,12,2,-2.409122
22,13,3,-2.238963
22,14,3,-2.597802
22,15,2,-2.257519
22,16,2,-2.418301
22,17,2,-2.400299
22,18,2,-2.426361
22,19,3,-2.105358
22,20,2,-1.500000
22,21,3,0.000000
22,22,1,0.000000
22,23,1,0.000000
22,24,1,0.000000
22,25,1,0.000000
22,26,1,0.000000
22,27,1,0.000000
22,28,1,0.000000
22,29,1,0.000000
22,30,1,0.000000
22,31,1,0.000000
22,32,1,0.000000
22,33,1,0.000000
22,34,1,0.000000
22,35,1,0.000000
22,36,1,0.000000
22,37,1,0.000000
22,38,1,0.000000
22,39,1,0.000000
22,40,1,0.000000
22,41,1,0.000000
22,42,1,0.000000
22,43,1,0.000000
22,44,1,0.000000
22,45,1,0.000000
22,46,1,0.000000
22,47,1,0.000000
22,48,1,0.000000
22,49,1,0.000000
22,50,1,0.000000
22,51,1,0.000000
22,52,1,0.000000
22,53,1,0.000000
22,54,1,0.000000
22,55,1,0.000000
22,56,1,0.000000
22,57,1,0.000000
22,58,1,0.000000
22,59,1,0.000000
22,60,1,0.000000
22,61,1,0.000000
22,62,1,0.000000
22,63,1,0.000000
22,64,1,0.000000
22,65,1,0.000000
22,66,1,0.000000
22,67,1,0.000000
22,68,1,0.000000
22,69,1,0.000000
22,70,1,0.000000
22,71,1,0.000000
22,72,1,0.000000
22,73,1,0.000000
22,74,1,0.000000
22,75,1,0.000000
22,76,1,0.000000
22,77,1,0.000000
22,78,1,0.000000
22,79,1,0.000000
22,80,1,0.000000
22,81,1,0.000000
22,82,1,0.000000
22,83,1,0.000000
22,84,1,0.000000
22,85,1,0.000000
22,86,1,0.000000
22,87,1,0.000000
22,88,1,0.000000
22,89,1,0.000000
22,90,1,0.000000
22,91,1,0.000000
22,92,1,0.000000
22,93,1,0.000000
22,94,1,0.000000
22,95,1,0.000000
22,96,1,0.000000
22,97,1,0.000000
22,98,1,0.000000
22,99,1,0.000000
23,0,1,0.000000
23,1,3,10.097639
23,2,1,7.151528
23,3,3,3.931574
23,4,3,-1.393305
23,5,3,-2.219686
23,6,3,-2.318367
23,7,3,-2.997978
23,8,3,-3.272105
23,9,2,-2.807878
23,10,1,-2.592697
23,11,2,-2.985903
23,12,0,-2.721416
23,13,2,-2.398991
23,14,1,-2.098477
23,15,2,-2.191346
23,16,2,-1.815428
23,17,0,-1.201470
23,18,1,-1.080000
23,19,1,0.000000
23,20,1,0.000000
23,21,1,0.000000
23,22,1,0.000000
23,23,1,0.000000
23,24,1,0.000000
23,25,1,0.000000
23,26,1,0.000000
23,27,1,0.000000
23,28,1,0.000000
23,29,1,0.000000
23,30,1,0.000000
23,31,1,0.000000
23,32,1,0.000000
23,33,1,0.000000
23,34,1,0.000000
23,35,1,0.000000
23,36,1,0.000000
23,37,1,0.000000
23,38,1,0.000000
23,39,1,0.000000
23,40,1,0.000000
23,41,1,0.000000
23,42,1,0.000000
23,43,1,0.000000
23,44,1,0.000000
23,45,1,0.000000
23,46,1,0.000000
23,47,1,0.000000
23,48,1,0.000000
23,49,1,0.000000
23,50,1,0.000000
23,51,1,0.000000
23,52,1,0.000000
23,53,1,0.000000
23,54,1,0.000000
23,55,1,0.000000
23,56,1,0.000000
23,57,1,0.000000
23,58,1,0.000000
23,59,1,0.000000
23,60,1,0.000000
23,61,1,0.000000
23,62,1,0.000000
23,63,1,0.000000
23,64,1,0.000000
23,65,1,0.000000
23,66,1,0.000000
23,67,1,0.000000
23,68,1,0.000000
23,69,1,0.000000
23,70,1,0.000000
23,71,1,0.000000
23,72,1,0.000000
23,73,1,0.000000
23,74,1,0.000000
23,75,1,0.000000
23,76,1,0.000000
23,77,1,0.000000
23,78,1,0.000000
23,79,1,0.000000
23,80,1,0.000000
23,81,1,0.000000
23,82,1,0.000000
23,83,1,0.000000
23,84,1,0.000000
23,85,1,0.000000
23,86,1,0.000000
23,87,1,0.000000
23,88,1,0.000000
23,89,1,0.000000
23,90,1,0.000000
23,91,1,0.000000
23,92,1,0.000000
23,93,1,0.000000
23,94,1,0.000000
23,95,1,0.000000
23,96,1,0.000000
23,97,1,0.000000
23,98,1,0.000000
23,99,1,0.000000
24,0,1,0.000000
24,1,3,10.830071
24,2,3,6.992036
24,3,3,2.739934
24,4,3,0.092170
24,5,3,-1.964735
24,6,3,-2.672549
24,7,3,-2.971672
24,8,2,-2.436462
24,9,1,-2.688807
24,10,3,-3.119818
24,11,3,-2.976520
24,12,1,-2.356058
24,13,2,-2.110704
24,14,2,-1.650381
24,15,2,-1.653000
24,16,3,-1.119261
24,17,3,0.000000
24,18,1,0.000000
24,19,1,0.000000
24,20,1,0.000000
24,21,1,0.000000
24,22,1,0.000000
24,23,1,0.000000
24,24,1,0.000000
24,25,1,0.000000
24,26,1,0.000000
24,27,1,0.000000
24,28,1,0.000000
24,29,1,0.000000
24,30,1,0.000000
24,31,1,0.000000
24,32,1,0.000000
24,33,1,0.000000
24,34,1,0.000000
24,35,1,0.000000
24,36,1,0.000000
24,37,1,0.000000
24,38,1,0.000000
24,39,1,0.000000
24,40,1,0.000000
24,41,1,0.000000
24,42,1,0.000000
24,43,1,0.000000
24,44,1,0.000000
24,45,1,0.000000
24,46,1,0.000000
24,47,1,0.000000
24,48,1,0.000000
24,49,1,0.000000
24,50,1,0.000000
24,51,1,0.000000
24,52,1,0.000000
24,53,1,0.000000
24,54,1,0.000000
24,55,1,0.000000
24,56,1,0.000000
24,57,1,0.000000
24,58,1,0.000000
24,59,1,0.000000
24,60,1,0.000000
24,61,1,0.000000
24,62,1,0.000000
24,63,1,0.000000
24,64,1,0.000000
24,65,1,0.000000
24,66,1,0.000000
24,67,1,0.000000
24,68,1,0.000000
24,69,1,0.000000
24,70,1,0.000000
24,71,1,0.000000
24,72,1,0.000000
24,73,1,0.000000
24,74,1,0.000000
24,75,1,0.000000
24,76,1,0.000000
24,77,1,0.000000
24,78,1,0.000000
24,79,1,0.000000
24,80,1,0.000000
24,81,1,0.000000
24,82,1,0.000000
24,83,1,0.000000
24,84,1,0.000000
24,85,1,0.000000
24,86,1,0.000000
24,87,1,0.000000
24,88,1,0.000000
24,89,1,0.000000
24,90,1,0.000000
24,91,1,0.000000
24,92,1,0.000000
24,93,1,0.000000
24,94,1,0.000000
24,95,1,0.000000
24,96,1,0.000000
24,97,1,0.000000
24,98,1,0.000000
24,99,1,0.000000
25,0,1,0.000000
25,1,3,10.828690
25,2,3,8.855548
25,3,3,2.643176
25,4,1,0.914979
25,5,1,-1.571878
25,6,3,-2.340548
25,7,2,-2.602488
25,8,3,-2.659772
25,9,1,-2.938122
25,10,2,-3.111841
25,11,2,-2.792703
25,12,1,-2.647062
25,13,2,-2.668951
25,14,2,-2.627533
25,15,2,-2.396652
25,16,1,0.000000
25,17,1,0.000000
25,18,1,0.000000
25,19,1,0.000000
25,20,1,0.000000
25,21,1,0.000000
25,22,1,0.000000
25,23,1,0.000000
25,24,1,0.000000
25,25,1,0.000000
25,26,1,0.000000
25,27,1,0.000000
25,28,1,0.000000
25,29,1,0.000000
25,30,1,0.000000
25,31,1,0.000000
25,32,1,0.000000
25,33,1,0.000000
25,34,1,0.000000
25,35,1,0.000000
25,36,1,0.000000
25,37,1,0.000000
25,38,1,0.000000
25,39,1,0.000000
25,40,1,0.000000
25,41,1,0.000000
25,42,1,0.000000
25,43,1,0.000000
25,44,1,0.000000
25,45,1,0.000000
25,46,1,0.000000
25,47,1,0.000000
25,48,1,0.000000
25,49,1,0.000000
25,50,1,0.000000
25,51,1,0.000000
25,52,1,0.000000
25,53,1,0.000000
25,54,1,0.000000
25,55,1,0.000000
25,56,1,0.000000
25,57,1,0.000000
25,58,1,0.000000
25,59,1,0.000000
25,60,1,0.000000
25,61,1,0.000000
25,62,1,0.000000
25,63,1,0.000000
25,64,1,0.000000
25,65,1,0.000000
25,66,1,0.000000
25,67,1,0.000000
25,68,1,0.000000
25,69,1,0.000000
25,70,1,0.000000
25,71,1,0.000000
25,72,1,0.000000
25,73,1,0.000000
25,74,1,0.000000
25,75,1,0.000000
25,76,1,0.000000
25,77,1,0.000000
25,78,1,0.000000
25,79,1,0.000000
25,80,1,0.000000
25,81,1,0.000000
25,82,1,0.000000
25,83,1,0.000000
25,84,1,0.000000
25,85,1,0.000000
25,86,1,0.000000
25,87,1,0.000000
25,88,1,0.000000
25,89,1,0.000000
25,90,1,0.000000
25,91,1,0.000000
25,92,1,0.000000
25,93,1,0.000000
25,94,1,0.000000
25,95,1,0.000000
25,96,1,0.000000
25,97,1,0.000000
25,98,1,0.000000
25,99,1,0.000000
26,0,1,0.000000
26,1,3,9.816106
26,2,3,8.367060
26,3,3,6.213247
26,4,3,3.890875
26,5,1,-1.792897
26,6,3,-2.372447
26,7,3,-2.553320
26,8,2,-2.717175
26,9,2,-2.585748
26,10,1,-2.287431
26,11,2,-2.117097
26,12,0,-2.012915
26,13,3,-1.937273
26,14,1,-2.451016
26,15,3,0.000000
26,16,1,0.000000
26,17,1,0.000000
26,18,1,0.000000
26,19,1,0.000000
26,20,1,0.000000
26,21,1,0.000000
26,22,1,0.000000
26,23,1,0.000000
26,24,1,0.000000
26,25,1,0.000000
26,26,1,0.000000
26,27,1,0.000000
26,28,1,0.000000
26,29,1,0.000000
26,30,1,0.000000
26,31,1,0.000000
26,32,1,0.000000
26,33,1,0.000000
26,34,1,0.000000
26,35,1,0.000000
26,36,1,0.000000
26,37,1,0.000000
26,38,1,0.000000
26,39,1,0.000000
26,40,1,0.000000
26,41,1,0.000000
26,42,1,0.000000
26,43,1,0.000000
26,44,1,0.000000
26,45,1,0.000000
26,46,1,0.000000
26,47,1,0.000000
26,48,1,0.000000
26,49,1,0.000000
26,50,1,0.000000
26,51,1,0.000000
26,52,1,0.000000
26,53,1,0.000000
26,54,1,0.000000
26,55,1,0.000000
26,56,1,0.000000
26,57,1,0.000000
26,58,1,0.000000
26,59,1,0.000000
26,60,1,0.000000
26,61,1,0.000000
26,62,1,0.000000
26,63,1,0.000000
26,64,1,0.000000
26,65,1,0.000000
26,66,1,0.000000
26,67,1,0.000000
26,68,1,0.000000
26,69,1,0.000000
26,70,1,0.000000
26,71,1,0.000000
26,72,1,0.000000
26,73,1,0.000000
26,74,1,0.000000
26,75,1,0.000000
26,76,1,0.000000
26,77,1,0.000000
26,78,1,0.000000
26,79,1,0.000000
26,80,1,0.000000
26,81,1,0.000000
26,82,1,0.000000
26,83,1,0.000000
26,84,1,0.000000
26,85,1,0.000000
26,86,1,0.000000
26,87,1,0.000000
26,88,1,0.000000
26,89,1,0.000000
26,90,1,0.000000
26,91,1,0.000000
26,92,1,0.000000
26,93,1,0.000000
26,94,1,0.000000
26,95,1,0.000000
26,96,1,0.000000
26,97,1,0.000000
26,98,1,0.000000
26,99,1,0.000000
27,0,1,0.000000
27,1,3,9.540790
27,2,3,6.579077
27,3,3,5.205340
27,4,3,2.805467
27,5,3,0.394042
27,6,3,-2.169501
27,7,0,-2.065792
27,8,3,-2.909620
27,9,2,-2.518260
27,10,3,-2.916598
27,11,1,-2.615839
27,12,1,-2.554409
27,13,3,-2.655270
27,14,3,-2.996965
27,15,3,0.000000
27,16,1,0.000000
27,17,1,0.000000
27,18,1,0.000000
27,19,1,0.000000
27,20,1,0.000000
27,21,1,0.000000
27,22,1,0.000000
27,23,1,0.000000
27,24,1,0.000000
27,25,1,0.000000
27,26,1,0.000000
27,27,1,0.000000
27,28,1,0.000000
27,29,1,0.000000
27,30,1,0.000000
27,31,1,0.000000
27,32,1,0.000000
27,33,1,0.000000
27,34,1,0.000000
27,35,1,0.000000
27,36,1,0.000000
27,37,1,0.000000
27,38,1,0.000000
27,39,1,0.000000
27,40,1,0.000000
27,41,1,0.000000
27,42,1,0.000000
27,43,1,0.000000
27,44,1,0.000000
27,45,1,0.000000
27,46,1,0.000000
27,47,1,0.000000
27,48,1,0.000000
27,49,1,0.000000
27,50,1,0.000000
27,51,1,0.000000
27,52,1,0.000000
27,53,1,0.000000
27,54,1,0.000000
27,55,1,0.000000
27,56,1,0.000000
27,57,1,0.000000
27,58,1,0.000000
27,59,1,0.000000
27,60,1,0.000000
27,61,1,0.000000
27,62,1,0.000000
27,63,1,0.000000
27,64,1,0.000000
27,65,1,0.000000
27,66,1,0.000000
27,67,1,0.000000
27,68,1,0.000000
27,69,1,0.000000
27,70,1,0.000000
27,71,1,0.000000
27,72,1,0.000000
27,73,1,0.000000
27,74,1,0.000000
27,75,1,0.000000
27,76,1,0.000000
27,77,1,0.000000
27,78,1,0.000000
27,79,1,0.000000
27,80,1,0.000000
27,81,1,0.000000
27,82,1,0.000000
27,83,1,0.000000
27,84,1,0.000000
27,85,1,0.000000
27,86,1,0.000000
27,87,1,0.000000
27,88,1,0.000000
27,89,1,0.000000
27,90,1,0.000000
27,91,1,0.000000
27,92,1,0.000000
27,93,1,0.000000
27,94,1,0.000000
27,95,1,0.000000
27,96,1,0.000000
27,97,1,0.000000
27,98,1,0.000000
27,99,1,0.000000
28,0,1,0.000000
28,1,3,9.457852
28,2,3,6.888723
28,3,3,4.124088
28,4,3,0.366129
28,5,0,-1.771179
28,6,3,-2.861062
28,7,1,-2.683758
28,8,0,-3.049484
28,9,3,-2.714573
28,10,0,-2.722012
28,11,2,-3.011408
28,12,2,-2.707353
28,13,2,-3.133358
28,14,2,-2.835259
28,15,2,-2.888061
28,16,1,0.000000
28,17,1,0.000000
28,18,1,0.000000
28,19,1,0.000000
28,20,1,0.000000
28,21,1,0.000000
28,22,1,0.000000
28,23,1,0.000000
28,24,1,0.000000
28,25,1,0.000000
28,26,1,0.000000
28,27,1,0.000000
28,28,1,0.000000
28,29,1,0.000000
28,30,1,0.000000
28,31,1,0.000000
28,32,1,0.000000
28,33,1,0.000000
28,34,1,0.000000
28,35,1,0.000000
28,36,1,0.000000
28,37,1,0.000000
28,38,1,0.000000
28,39,1,0.000000
28,40,1,0.000000
28,41,1,0.000000
28,42,1,0.000000
28,43,1,0.000000
28,44,1,0.000000
28,45,1,0.000000
28,46,1,0.000000
28,47,1,0.000000
28,48,1,0.000000
28,49,1,0.000000
28,50,1,0.000000
28,51,1,0.000000
28,52,1,0.000000
28,53,1,0.000000
28,54,1,0.000000
28,55,1,0.000000
28,56,1,0.000000
28,57,1,0.000000
28,58,1,0.000000
28,59,1,0.000000
28,60,1,0.000000
28,61,1,0.000000
28,62,1,0.000000
28,63,1,0.000000
28,64,1,0.000000
28,65,1,0.000000
28,66,1,0.000000
28,67,1,0.000000
28,68,1,0.000000
28,69,1,0.000000
28,70,1,0.000000
28,71,1,0.000000
28,72,1,0.000000
28,73,1,0.000000
28,74,1,0.000000
28,75,1,0.000000
28,76,1,0.000000
28,77,1,0.000000
28,78,1,0.000000
28,79,1,0.000000
28,80,1,0.000000
28,81,1,0.000000
28,82,1,0.000000
28,83,1,0.000000
28,84,1,0.000000
28,85,1,0.000000
28,86,1,0.000000
28,87,1,0.000000
28,88,1,0.000000
28,89,1,0.000000
28,90,1,0.000000
28,91,1,0.000000
28,92,1,0.000000
28,93,1,0.000000
28,94,1,0.000000
28,95,1,0.000000
28,96,1,0.000000
28,97,1,0.000000
28,98,1,0.000000
28,99,1,0.000000
29,0,0,3.000000
29,1,0,8.195785
29,2,3,4.966563
29,3,0,3.009119
29,4,3,-1.747455
29,5,3,-2.328316
29,6,0,-2.408793
29,7,2,-3.105910
29,8,2,-3.761114
29,9,2,-3.702731
29,10,3,-4.045020
29,11,0,-3.471970
29,12,3,-3.860443
29,13,2,-3.680302
29,14,3,-3.929011
29,15,3,-4.344213
29,16,3,-4.501149
29,17,3,0.000000
29,18,1,0.000000
29,19,1,0.000000
29,20,1,0.000000
29,21,1,0.000000
29,22,1,0.000000
29,23,1,0.000000
29,24,1,0.000000
29,25,1,0.000000
29,26,1,0.000000
29,27,1,0.000000
29,28,1,0.000000
29,29,1,0.000000
29,30,1,0.000000
29,31,1,0.000000
29,32,1,0.000000
29,33,1,0.000000
29,34,1,0.000000
29,35,1,0.000000
29,36,1,0.000000
29,37,1,0.000000
29,38,1,0.000000
29,39,1,0.000000
29,40,1,0.000000
29,41,1,0.000000
29,42,1,0.000000
29,43,1,0.000000
29,44,1,0.000000
29,45,1,0.000000
29,46,1,0.000000
29,47,1,0.000000
29,48,1,0.000000
29,49,1,0.000000
29,50,1,0.000000
29,51,1,0.000000
29,52,1,0.000000
29,53,1,0.000000
29,54,1,0.000000
29,55,1,0.000000
29,56,1,0.000000
29,57,1,0.000000
29,58,1,0.000000
29,59,1,0.000000
29,60,1,0.000000
29,61,1,0.000000
29,62,1,0.000000
29,63,1,0.000000
29,64,1,0.000000
29,65,1,0.000000
29,66,1,0.000000
29,67,1,0.000000
29,68,1,0.000000
29,69,1,0.000000
29,70,1,0.000000
29,71,1,0.000000
29,72,1,0.000000
29,73,1,0.000000
29,74,1,0.000000
29,75,1,0.000000
29,76,1,0.000000
29,77,1,0.000000
29,78,1,0.000000
29,79,1,0.000000
29,80,1,0.000000
29,81,1,0.000000
29,82,1,0.000000
29,83,1,0.000000
29,84,1,0.000000
29,85,1,0.000000
29,86,1,0.000000
29,87,1,0.000000
29,88,1,0.000000
29,89,1,0.000000
29,90,1,0.000000
29,91,1,0.000000
29,92,1,0.000000
29,93,1,0.000000
29,94,1,0.000000
29,95,1,0.000000
29,96,1,0.000000
29,97,1,0.000000
29,98,1,0.000000
29,99,1,0.000000
30,0,1,0.000000
30,1,3,8.825973
30,2,0,5.236917
30,3,0,0.365692
30,4,3,-0.907463
30,5,3,-2.984519
30,6,0,-3.274758
30,7,3,-4.359271
30,8,2,-4.181867
30,9,0,-3.802238
30,10,1,-4.172656
30,11,2,-3.945760
30,12,3,-3.554777
30,13,3,-3.781074
30,14,1,-4.324413
30,15,2,-4.164038
30,16,3,-4.533011
30,17,2,-4.862700
30,18,1,-4.500618
30,19,1,-1.403860
30,20,1,0.000000
30,21,1,0.000000
30,22,1,0.000000
30,23,1,0.000000
30,24,1,0.000000
30,25,1,0.000000
30,26,1,0.000000
30,27,1,0.000000
30,28,1,0.000000
30,29,1,0.000000
30,30,1,0.000000
30,31,1,0.000000
30,32,1,0.000000
30,33,1,0.000000
30,34,1,0.000000
30,35,1,0.000000
30,36,1,0.000000
30,37,1,0.000000
30,38,1,0.000000
30,39,1,0.000000
30,40,1,0.000000
30,41,1,0.000000
30,42,1,0.000000
30,43,1,0.000000
30,44,1,0.000000
30,45,1,0.000000
30,46,1,0.000000
30,47,1,0.000000
30,48,1,0.000000
30,49,1,0.000000
30,50,1,0.000000
30,51,1,0.000000
30,52,1,0.000000
30,53,1,0.000000
30,54,1,0.000000
30,55,1,0.000000
30,56,1,0.000000
30,57,1,0.000000
30,58,1,0.000000
30,59,1,0.000000
30,60,1,0.000000
30,61,1,0.000000
30,62,1,0.000000
30,63,1,0.000000
30,64,1,0.000000
30,65,1,0.000000
30,66,1,0.000000
30,67,1,0.000000
30,68,1,0.000000
30,69,1,0.000000
30,70,1,0.000000
30,71,1,0.000000
30,72,1,0.000000
30,73,1,0.000000
30,74,1,0.000000
30,75,1,0.000000
30,76,1,0.000000
30,77,1,0.000000
30,78,1,0.000000
30,79,1,0.000000
30,80,1,0.000000
30,81,1,0.000000
30,82,1,0.000000
30,83,1,0.000000
30,84,1,0.000000
30,85,1,0.000000
30,86,1,0.000000
30,87,1,0.000000
30,88,1,0.000000
30,89,1,0.000000
30,90,1,0.000000
30,91,1,0.000000
30,92,1,0.000000
30,93,1,0.000000
30,94,1,0.000000
30,95,1,0.000000
30,96,1,0.000000
30,97,1,0.000000
30,98,1,0.000000
30,99,1,0.000000
31,0,3,3.000000
31,1,3,4.096279
31,2,0,2.831813
31,3,3,-0.057239
31,4,0,-1.078669
31,5,3,-2.996499
31,6,1,-3.385555
31,7,1,-3.596071
31,8,0,-4.154071
31,9,2,-4.166619
31,10,0,-4.740594
31,11,3,-3.881896
31,12,3,-3.710732
31,13,1,-5.145203
31,14,2,-3.996782
31,15,0,-4.259301
31,16,0,-5.093744
31,17,1,-5.139860
31,18,1,-4.786461
31,19,0,-4.454769
31,20,1,-5.073755
31,21,1,0.000000
31,22,1,0.000000
31,23,1,0.000000
31,24,1,0.000000
31,25,1,0.000000
31,26,1,0.000000
31,27,1,0.000000
31,28,1,0.000000
31,29,1,0.000000
31,30,1,0.000000
31,31,1,0.000000
31,32,1,0.000000
31,33,1,0.000000
31,34,1,0.000000
31,35,1,0.000000
31,36,1,0.000000
31,37,1,0.000000
31,38,1,0.000000
31,39,1,0.000000
31,40,1,0.000000
31,41,1,0.000000
31,42,1,0.000000
31,43,1,0.000000
31,44,1,0.000000
31,45,1,0.000000
31,46,1,0.000000
31,47,1,0.000000
31,48,1,0.000000
31,49,1,0.000000
31,50,1,0.000000
31,51,1,0.000000
31,52,1,0.000000
31,53,1,0.000000
31,54,1,0.000000
31,55,1,0.000000
31,56,1,0.000000
31,57,1,0.000000
31,58,1,0.000000
31,59,1,0.000000
31,60,1,0.000000
31,61,1,0.000000
31,62,1,0.000000
31,63,1,0.000000
31,64,1,0.000000
31,65,1,0.000000
31,66,1,0.000000
31,67,1,0.000000
31,68,1,0.000000
31,69,1,0.000000
31,70,1,0.000000
31,71,1,0.000000
31,72,1,0.000000
31,73,1,0.000000
31,74,1,0.000000
31,75,1,0.000000
31,76,1,0.000000
31,77,1,0.000000
31,78,1,0.000000
31,79,1,0.000000
31,80,1,0.000000
31,81,1,0.000000
31,82,1,0.000000
31,83,1,0.000000
31,84,1,0.000000
31,85,1,0.000000
31,86,1,0.000000
31,87,1,0.000000
31,88,1,0.000000
31,89,1,0.000000
31,90,1,0.000000
31,91,1,0.000000
31,92,1,0.000000
31,93,1,0.000000
31,94,1,0.000000
31,95,1,0.000000
31,96,1,0.000000
31,97,1,0.000000
31,98,1,0.000000
31,99,1,0.000000
32,0,1,0.000000
32,1,0,8.112035
32,2,0,2.808667
32,3,0,1.882713
32,4,0,-1.369815
32,5,0,-2.759117
32,6,3,-3.560243
32,7,0,-3.597640
32,8,0,-3.675208
32,9,3,-4.374829
32,10,0,-4.497975
32,11,3,-3.727090
32,12,2,-3.912812
32,13,3,-4.896629
32,14,3,-4.963705
32,15,2,-4.481993
32,16,2,-4.421568
32,17,2,-4.195462
32,18,0,-3.992664
32,19,1,-0.300000
32,20,1,0.000000
32,21,1,0.000000
32,22,1,0.000000
32,23,1,0.000000
32,24,1,0.000000
32,25,1,0.000000
32,26,1,0.000000
32,27,1,0.000000
32,28,1,0.000000
32,29,1,0.000000
32,30,1,0.000000
32,31,1,0.000000
32,32,1,0.000000
32,33,1,0.000000
32,34,1,0.000000
32,35,1,0.000000
32,36,1,0.000000
32,37,1,0.000000
32,38,1,0.000000
32,39,1,0.000000
32,40,1,0.000000
32,41,1,0.000000
32,42,1,0.000000
32,43,1,0.000000
32,44,1,0.000000
32,45,1,0.000000
32,46,1,0.000000
32,47,1,0.000000
32,48,1,0.000000
32,49,1,0.000000
32,50,1,0.000000
32,51,1,0.000000
32,52,1,0.000000
32,53,1,0.000000
32,54,1,0.000000
32,55,1,0.000000
32,56,1,0.000000
32,57,1,0.000000
32,58,1,0.000000
32,59,1,0.000000
32,60,1,0.000000
32,61,1,0.000000
32,62,1,0.000000
32,63,1,0.000000
32,64,1,0.000000
32,65,1,0.000000
32,66,1,0.000000
32,67,1,0.000000
32,68,1,0.000000
32,69,1,0.000000
32,70,1,0.000000
32,71,1,0.000000
32,72,1,0.000000
32,73,1,0.000000
32,74,1,0.000000
32,75,1,0.000000
32,76,1,0.000000
32,77,1,0.000000
32,78,1,0.000000
32,79,1,0.000000
32,80,1,0.000000
32,81,1,0.000000
32,82,1,0.000000
32,83,1,0.000000
32,84,1,0.000000
32,85,1,0.000000
32,86,1,0.000000
32,87,1,0.000000
32,88,1,0.000000
32,89,1,0.000000
32,90,1,0.000000
32,91,1,0.000000
32,92,1,0.000000
32,93,1,0.000000
32,94,1,0.000000
32,95,1,0.000000
32,96,1,0.000000
32,97,1,0.000000
32,98,1,0.000000
32,99,1,0.000000
33,0,1,0.000000
33,1,0,9.569915
33,2,0,5.681169
33,3,3,-0.970634
33,4,0,-1.938438
33,5,3,-3.256116
33,6,1,-3.178195
33,7,3,-4.107305
33,8,3,-4.088068
33,9,3,-4.403464
33,10,3,-4.242915
33,11,1,-4.606969
33,12,0,-4.781095
33,13,3,-4.740040
33,14,2,-4.490477
33,15,3,-4.607359
33,16,1,-3.600000
33,17,2,0.000000
33,18,1,0.000000
33,19,1,0.000000
33,20,1,0.000000
33,21,1,0.000000
33,22,1,0.000000
33,23,1,0.000000
33,24,1,0.000000
33,25,1,0.000000
33,26,1,0.000000
33,27,1,0.000000
33,28,1,0.000000
33,29,1,0.000000
33,30,1,0.000000
33,31,1,0.000000
33,32,1,0.000000
33,33,1,0.000000
33,34,1,0.000000
33,35,1,0.000000
33,36,1,0.000000
33,37,1,0.000000
33,38,1,0.000000
33,39,1,0.000000
33,40,1,0.000000
33,41,1,0.000000
33,42,1,0.000000
33,43,1,0.000000
33,44,1,0.000000
33,45,1,0.000000
33,46,1,0.000000
33,47,1,0.000000
33,48,1,0.000000
33,49,1,0.000000
33,50,1,0.000000
33,51,1,0.000000
33,52,1,0.000000
33,53,1,0.000000
33,54,1,0.000000
33,55,1,0.000000
33,56,1,0.000000
33,57,1,0.000000
33,58,1,0.000000
33,59,1,0.000000
33,60,1,0.000000
33,61,1,0.000000
33,62,1,0.000000
33,63,1,0.000000
33,64,1,0.000000
33,65,1,0.000000
33,66,1,0.000000
33,67,1,0.000000
33,68,1,0.000000
33,69,1,0.000000
33,70,1,0.000000
33,71,1,0.000000
33,72,1,0.000000
33,73,1,0.000000
33,74,1,0.000000
33,75,1,0.000000
33,76,1,0.000000
33,77,1,0.000000
33,78,1,0.000000
33,79,1,0.000000
33,80,1,0.000000
33,81,1,0.000000
33,82,1,0.000000
33,83,1,0.000000
33,84,1,0.000000
33,85,1,0.000000
33,86,1,0.000000
33,87,1,0.000000
33,88,1,0.000000
33,89,1,0.000000
33,90,1,0.000000
33,91,1,0.000000
33,92,1,0.000000
33,93,1,0.000000
33,94,1,0.000000
33,95,1,0.000000
33,96,1,0.000000
33,97,1,0.000000
33,98,1,0.000000
33,99,1,0.000000
34,0,1,0.000000
34,1,3,6.748334
34,2,0,5.503001
34,3,3,0.052912
34,4,0,-2.144987
34,5,3,-2.924503
34,6,3,-3.289685
34,7,3,-3.815892
34,8,1,-4.045274
34,9,1,-3.915233
34,10,0,-4.241639
34,11,3,-4.294744
34,12,1,-4.258237
34,13,1,-4.458670
34,14,1,-4.672767
34,15,1,-4.710000
34,16,1,0.000000
34,17,1,0.000000
34,18,1,0.000000
34,19,1,0.000000
34,20,1,0.000000
34,21,1,0.000000
34,22,1,0.000000
34,23,1,0.000000
34,24,1,0.000000
34,25,1,0.000000
34,26,1,0.000000
34,27,1,0.000000
34,28,1,0.000000
34,29,1,0.000000
34,30,1,0.000000
34,31,1,0.000000
34,32,1,0.000000
34,33,1,0.000000
34,34,1,0.000000
34,35,1,0.000000
34,36,1,0.000000
34,37,1,0.000000
34,38,1,0.000000
34,39,1,0.000000
34,40,1,0.000000
34,41,1,0.000000
34,42,1,0.000000
34,43,1,0.000000
34,44,1,0.000000
34,45,1,0.000000
34,46,1,0.000000
34,47,1,0.000000
34,48,1,0.000000
34,49,1,0.000000
34,50,1,0.000000
34,51,1,0.000000
34,52,1,0.000000
34,53,1,0.000000
34,54,1,0.000000
34,55,1,0.000000
34,56,1,0.000000
34,57,1,0.000000
34,58,1,0.000000
34,59,1,0.000000
34,60,1,0.000000
34,61,1,0.000000
34,62,1,0.000000
34,63,1,0.000000
34,64,1,0.000000
34,65,1,0.000000
34,66,1,0.000000
34,67,1,0.000000
34,68,1,0.000000
34,69,1,0.000000
34,70,1,0.000000
34,71,1,0.000000
34,72,1,0.000000
34,73,1,0.000000
34,74,1,0.000000
34,75,1,0.000000
34,76,1,0.000000
34,77,1,0.000000
34,78,1,0.000000
34,79,1,0.000000
34,80,1,0.000000
34,81,1,0.000000
34,82,1,0.000000
34,83,1,0.000000
34,84,1,0.000000
34,85,1,0.000000
34,86,1,0.000000
34,87,1,0.000000
34,88,1,0.000000
34,89,1,0.000000
34,90,1,0.000000
34,91,1,0.000000
34,92,1,0.000000
34,93,1,0.000000
34,94,1,0.000000
34,95,1,0.000000
34,96,1,0.000000
34,97,1,0.000000
34,98,1,0.000000
34,99,1,0.000000
35,0,1,0.000000
35,1,3,2.823989
35,2,0,0.446438
35,3,3,0.878566
35,4,2,-1.967175
35,5,0,-2.286105
35,6,1,-3.111536
35,7,3,-3.288607
35,8,1,-3.649388
35,9,3,-4.070512
35,10,1,-4.149175
35,11,2,-3.987395
35,12,1,-4.730439
35,13,1,-4.632032
35,14,3,-5.161527
35,15,1,-1.118820
35,16,1,0.000000
35,17,1,0.000000
35,18,1,0.000000
35,19,1,0.000000
35,20,1,0.000000
35,21,1,0.000000
35,22,1,0.000000
35,23,1,0.000000
35,24,1,0.000000
35,25,1,0.000000
35,26,1,0.000000
35,27,1,0.000000
35,28,1,0.000000
35,29,1,0.000000
35,30,1,0.000000
35,31,1,0.000000
35,32,1,0.000000
35,33,1,0.000000
35,34,1,0.000000
35,35,1,0.000000
35,36,1,0.000000
35,37,1,0.000000
35,38,1,0.000000
35,39,1,0.000000
35,40,1,0.000000
35,41,1,0.000000
35,42,1,0.000000
35,43,1,0.000000
35,44,1,0.000000
35,45,1,0.000000
35,46,1,0.000000
35,47,1,0.000000
35,48,1,0.000000
35,49,1,0.000000
35,50,1,0.000000
35,51,1,0.000000
35,52,1,0.000000
35,53,1,0.000000
35,54,1,0.000000
35,55,1,0.000000
35,56,1,0.000000
35,57,1,0.000000
35,58,1,0.000000
35,59,1,0.000000
35,60,1,0.000000
35,61,1,0.000000
35,62,1,0.000000
35,63,1,0.000000
35,64,1,0.000000
35,65,1,0.000000
35,66,1,0.000000
35,67,1,0.000000
35,68,1,0.000000
35,69,1,0.000000
35,70,1,0.000000
35,71,1,0.000000
35,72,1,0.000000
35,73,1,0.000000
35,74,1,0.000000
35,75,1,0.000000
35,76,1,0.000000
35,77,1,0.000000
35,78,1,0.000000
35,79,1,0.000000
35,80,1,0.000000
35,81,1,0.000000
35,82,1,0.000000
35,83,1,0.000000
35,84,1,0.000000
35,85,1,0.000000
35,86,1,0.000000
35,87,1,0.000000
35,88,1,0.000000
35,89,1,0.000000
35,90,1,0.000000
35,91,1,0.000000
35,92,1,0.000000
35,93,1,0.000000
35,94,1,0.000000
35,95,1,0.000000
35,96,1,0.000000
35,97,1,0.000000
35,98,1,0.000000
35,99,1,0.000000
36,0,1,0.000000
36,1,1,0.000000
36,2,1,0.000000
36,3,1,0.000000
36,4,1,0.000000
36,5,1,0.000000
36,6,1,0.000000
36,7,3,0.000000
36,8,1,0.000000
36,9,1,0.000000
36,10,1,0.000000
36,11,1,0.000000
36,12,1,0.000000
36,13,1,0.000000
36,14,1,0.000000
36,15,1,0.000000
36,16,1,0.000000
36,17,1,0.000000
36,18,1,0.000000
36,19,1,0.000000
36,20,1,0.000000
36,21,1,0.000000
36,22,1,0.000000
36,23,1,0.000000
36,24,1,0.000000
36,25,1,0.000000
36,26,1,0.000000
36,27,1,0.000000
36,28,1,0.000000
36,29,1,0.000000
36,30,1,0.000000
36,31,1,0.000000
36,32,1,0.000000
36,33,1,0.000000
36,34,1,0.000000
36,35,1,0.000000
36,36,1,0.000000
36,37,1,0.000000
36,38,1,0.000000
36,39,1,0.000000
36,40,1,0.000000
36,41,1,0.000000
36,42,1,0.000000
36,43,1,0.000000
36,44,1,0.000000
36,45,1,0.000000
36,46,1,0.000000
36,47,1,0.000000
36,48,1,0.000000
36,49,1,0.000000
36,50,1,0.000000
36,51,1,0.000000
36,52,1,0.000000
36,53,1,0.000000
36,54,1,0.000000
36,55,1,0.000000
36,56,1,0.000000
36,57,1,0.000000
36,58,1,0.000000
36,59,1,0.000000
36,60,1,0.000000
36,61,1,0.000000
36,62,1,0.000000
36,63,1,0.000000
36,64,1,0.000000
36,65,1,0.000000
36,66,1,0.000000
36,67,1,0.000000
36,68,1,0.000000
36,69,1,0.000000
36,70,1,0.000000
36,71,1,0.000000
36,72,1,0.000000
36,73,1,0.000000
36,74,1,0.000000
36,75,1,0.000000
36,76,1,0.000000
36,77,1,0.000000
36,78,1,0.000000
36,79,1,0.000000
36,80,1,0.000000
36,81,1,0.000000
36,82,1,0.000000
36,83,1,0.000000
36,84,1,0.000000
36,85,1,0.000000
36,86,1,0.000000
36,87,1,0.000000
36,88,1,0.000000
36,89,1,0.000000
36,90,1,0.000000
36,91,1,0.000000
36,92,1,0.000000
36,93,1,0.000000
36,94,1,0.000000
36,95,1,0.000000
36,96,1,0.000000
36,97,1,0.000000
36,98,1,0.000000
36,99,1,0.000000
